id,video
1,https://www.instagram.com/reel/DM2DYuURXAS/?igsh=Z3lzNDZtdDhxeWxn
2,https://www.instagram.com/reel/DMpUrCKxQj5/?igsh=bGh5bTBia2xmZXU4
3,https://www.instagram.com/reel/DKoahGuRUGB/?igsh=a3plZWs0cWx0ZWRz
4,https://www.instagram.com/reel/DKZVA8DJq89/?igsh=YXUwbHBnOG5udTJt
5,https://www.instagram.com/reel/DLtizEnyaOn/?igsh=MTIwMmlmZXRyMHl6eg%3D%3D
6,https://www.instagram.com/reel/DJlxfv8yoVX/?igsh=OWg2OTczd2M1cTNm
7,https://www.instagram.com/reel/DEl-hhEyCX4/
8,https://www.instagram.com/reel/DMZ0V5Fpi1j/
9,https://www.instagram.com/reel/DKyVUNlpBv-/
10,https://www.instagram.com/reel/DJ_31q2pmIB/
11,https://www.instagram.com/reel/DJiHJRXzxEW/
12,https://www.instagram.com/reel/DJYt9haJ4uh/
13,https://www.instagram.com/reel/DJGWk0tJwe8/
14,https://www.instagram.com/reel/DHp-TW1yo-x/
15,https://www.instagram.com/reel/DHNXNrQyMqc/
16,https://www.instagram.com/reel/DHNODLIpQ_y/
17,https://www.instagram.com/reel/DHMcfp5zmrx/
18,https://drive.google.com/file/d/12YBpn9zWc_3FfDadbmlip4s98_GjqUGY/view?usp=share_link
19,https://www.instagram.com/reel/DDUjYZUzgmI/
20,https://www.instagram.com/reel/DF0LwJfzPPv/
21,https://drive.google.com/file/d/1ymuQGbpxBhsDT62QSXfa6R1067HMAJlS/view?usp=share_link
22,https://www.instagram.com/reel/DGdDelfzAwD/
23,https://drive.google.com/file/d/17YcFgqkUgJNK0QRSYzS3TCNl4forkLY9/view?usp=share_link
24,https://www.instagram.com/reel/DL4sfh7PK_y/
25,https://www.instagram.com/reel/DM7oir8PMUG/
26,https://drive.google.com/file/d/12YBpn9zWc_3FfDadbmlip4s98_GjqUGY/view?usp=share_link
27,https://drive.google.com/file/d/12YBpn9zWc_3FfDadbmlip4s98_GjqUGY/view?usp=share_link
28,https://drive.google.com/file/d/12YBpn9zWc_3FfDadbmlip4s98_GjqUGY/view?usp=share_link
29,https://www.instagram.com/reel/DLTsRcnTYOy/
30,https://www.instagram.com/reel/DJvbFIVvlxT/
31,https://www.instagram.com/reel/DNAirf9Pqyy/
32,https://www.instagram.com/reel/DMXTZgrPSvm/
33,https://www.instagram.com/reel/DMzRtsgS7CM/
34,https://www.instagram.com/reel/DJWYRiby-cY/
35,https://www.instagram.com/reel/DI1C7yEBiqe/
36,https://www.instagram.com/reel/DHdsmZEyc94/
37,https://www.instagram.com/reel/DF1kmTKSWHf/
38,https://www.instagram.com/moladin_id/reel/DH0pH5vSZQy/
39,https://www.instagram.com/moladin_id/reel/DKcEvw-yNJd/
40,https://www.instagram.com/reel/DMP4bB4JTMv/?igsh=MWJxM2wxNGVpaGI1dA==
41,https://www.instagram.com/reel/DKlkEsmSp2m/?igsh=bnd3MnYyY3g0ZXZ4
42,https://www.instagram.com/reel/DI50BT5y4Hb/?igsh=MTViNHhxejBhZnl3dg==
43,https://www.instagram.com/reel/DE1HlaaS03V/?igsh=MTNyd2J6OGpzbXhqMg==
44,https://www.instagram.com/reel/C85yjQUSK3w/?igsh=MXIxd2hneXNlZDV1cQ==
45,https://www.instagram.com/reel/C7rBV9xySyp/?igsh=MWpldno4ZXpzdXEwMA==
46,https://www.instagram.com/reel/C_XMt92y79O/?igsh=NXl4Z3J0cjR2ZHhp
47,https://www.instagram.com/reel/C96dU_ESVLA/?igsh=MXRoOHljMm5mNDRsNQ==
48,https://www.instagram.com/reel/C3pEeaaS7oG/?igsh=azlzYWJpbjR2eGc1
49,https://www.instagram.com/reel/C3ZwNdMS3F8/?igsh=dm5xY2l0cG5rcDF3
50,https://www.instagram.com/reel/DHuzjz-yZON/?igsh=MWViYjBtbDg4bGEwcQ==
51,https://www.instagram.com/reel/DK4vdrmvgWA/
52,https://www.instagram.com/reel/DK9fYkVz-pW/
53,https://www.instagram.com/reel/DMhKJSaTSRf/
54,https://www.instagram.com/reel/DAr7Shbz01_/
55,https://www.instagram.com/reel/DFZNh3Gz4pv/
56,https://www.instagram.com/reel/DG0miMMTIRb/
57,https://www.instagram.com/reel/DGW9kcAz5DN/
58,https://drive.google.com/file/d/1-OawfKdJ7ozcradDR4rxu4QCWtd93qY5/view?usp=share_link
59,https://drive.google.com/file/d/1UI8IJ19DQkZuTaUtLVtAI19jGMIDJuO_/view?usp=sharing
60,https://drive.google.com/file/d/1nbo5CnW50clco9ZFd6AE4R6KUwPTYpLA/view?usp=share_link
61,https://drive.google.com/file/d/1c_1boySTaI5v-wbdEknkClIcsC7emkyC/view?usp=share_link
62,https://drive.google.com/file/d/1WVED72q_6g4WpDZqMo0IxDVnNSU6Dho6/view?usp=share_link
63,https://drive.google.com/file/d/119B50bkS2zi3gTynJmDDzhs-1SAvI_FO/view?usp=share_link
64,https://drive.google.com/file/d/1QeVhYOzQQzWvmASX097fx9-xgSL8aYa9/view?usp=sharing
65,https://drive.google.com/file/d/1GrQmRkI5yNi6dRxBzSH2qvn1U8402Ah7/view?usp=sharing
66,https://drive.google.com/file/d/1jqczoDbEO2obyGra2bu7jwDcRgSOc4EW/view?usp=sharing
67,https://drive.google.com/file/d/16crPLW1l8Azp8EfeujohBtCOsdEcl3Qj/view?usp=sharing
68,https://drive.google.com/file/d/1hcdeL3zzC9e_9quh-eiZoBPpcuJwfqfi/view?usp=sharing
69,https://drive.google.com/file/d/10GXeqRPj5VjASvJUEoqiLjh7YFKilp6W/view?usp=sharing
70,https://drive.google.com/file/d/1ATqtIf4KqJYkRafQBVI3ESNlHHbR0W15/view?usp=sharing
71,https://drive.google.com/file/d/1PRC9-PllLNjuA6E070mqKYmOW7xnTT6e/view?usp=sharing
72,https://drive.google.com/file/d/1uKt0ZxUDJREefKMGeMMsaS3_IWOC3P1o/view?usp=sharing
73,https://drive.google.com/file/d/1YLZL1FogofxtQ1zJKcVNjTSxCKTN6jXz/view?usp=drive_link
74,https://drive.google.com/file/d/1UB8tXY1CEoU1E3JuvqR6HSIHzT9cVAvH/view?usp=drive_link
75,https://drive.google.com/file/d/1nw_h5-2cBUKGVYQ-bvYKcGlGNMNU0Ace/view?usp=drive_link
76,https://drive.google.com/file/d/1j8J2v9fRDJV7_BPiDCq50SEGbuErKV99/view?usp=drive_link
77,https://drive.google.com/file/d/19V-AnERnUCKVbRmFM1U9UGmV7DagQFhL/view?usp=sharing
78,https://drive.google.com/file/d/16SaYRXtDM9dBkgy9c0esEkPw_UNpMLF5/view?usp=sharing
79,https://drive.google.com/file/d/1Z1dQGUr1PjpzPrtCS1mdNnJ54kaks3RA/view?usp=sharing
80,https://drive.google.com/file/d/1qafYENW_uZGnahRbSTvb3iOYv01wYmm5/view?usp=sharing
81,https://drive.google.com/file/d/15hAOu9ZkqsMUx6-Zk-jN3OC_vm-4kaig/view?usp=sharing
82,https://www.instagram.com/reel/DBYfWZ9y-KV/?igsh=MWo1NzlnbTYzdTQycA==
83,https://drive.google.com/file/d/16WW1YRA0NtmMptCht5jS6Ya7nWdNrRcg/view?usp=drive_link
84,https://drive.google.com/file/d/1kzfBs5I_n0a0yCwEh5PdNY5GgLqQRcez/view?usp=drive_link
85,https://drive.google.com/file/d/10ETQNxneJf4Q185_btWMVVZz1n3CBwp5/view?usp=drive_link
86,https://drive.google.com/file/d/1rMIe5I873yBTKrmAlSZTjUoV4eZkZhas/view?usp=drive_link
87,https://drive.google.com/file/d/1k3qHBJISNZIr2N_uhRGZK5b4CP5JfaIv/view?usp=drive_link
88,https://drive.google.com/file/d/1scUxliWkEMlJAtMjyX4_zf1hpTzc-11m/view?usp=drive_link
89,https://drive.google.com/file/d/1wCIyDhTVr-SO6Z6hY5XMdn-gEgmRcamD/view?usp=drive_link
90,https://www.instagram.com/otomotif_tv/reel/DMWrRymh0tx/
91,https://www.instagram.com/otomotif_tv/reel/DLlwAYFhEDG/
92,https://www.instagram.com/otomotif_tv/reel/DJtG-oUylM-/
93,https://www.instagram.com/otomotifweekly/reel/DMWrRymh0tx/
94,https://www.instagram.com/jagat.review/reel/DM9aQ7jxWd-/
95,https://www.instagram.com/jagat.review/reel/DMUJzKiR8WN/
96,https://www.instagram.com/jagat.review/reel/DMRsIjVxA4J/
97,https://www.instagram.com/jagat.review/reel/DKL5mX2Sdi3/
98,https://www.instagram.com/jagat.review/reel/DIxchZfIBBj/
99,https://drive.google.com/file/d/14AK_pf1gN1Tiesh4LtrO3AWtP-fuS-dd/view?usp=sharing
100,https://drive.google.com/file/d/19DN24hfiZdBYnIev8U9DTvsE70FjmhSF/view?usp=sharing
101,https://drive.google.com/file/d/1DtF-9-m3T2BmkMbxZOyW0mocKSyK69zW/view?usp=sharing
102,https://drive.google.com/file/d/1etsHQdM46Ah4UsNm8uyIL08w4otU9slH/view?usp=sharing
103,https://drive.google.com/file/d/1RzNIT_4ZJl3hw41qI8aSdyQdqsaTApKk/view?usp=sharing
104,https://drive.google.com/file/d/1AEpkz8RUfM_2XjSY-nKsXqK7CJH0caOR/view?usp=sharing
105,https://drive.google.com/file/d/1ko19DG40GCqyfPWK7jXtkKMMFhtvHCKr/view?usp=drive_link
106,https://drive.google.com/file/d/17er5r8aKyE_DU1IgUXOPi2r6PigAXONS/view?usp=sharing
107,https://drive.google.com/drive/u/7/folders/1gtVlXrcEb9ApSc7YGvod5ADHpW4E-Cxe
108,https://drive.google.com/file/d/1PMDBY0C5oekMhFDm2KcR2jLjdgonZ2Bi/view?usp=sharing
109,https://drive.google.com/file/d/1ElvqnnKfMLU8pZyKKs_CMxwGts2O770v/view?usp=sharing
110,https://www.instagram.com/reel/DJ835krx3c5/?utm_source=ig_web_copy_link&igsh=MzRlODBiNWFlZA==
111,https://www.instagram.com/reel/DGu41vfRlg-/?utm_source=ig_web_copy_link&igsh=MzRlODBiNWFlZA==
112,https://www.instagram.com/reel/DEhTARAyJyw/?utm_source=ig_web_copy_link&igsh=MzRlODBiNWFlZA==
113,https://www.instagram.com/reel/DA-sMIEyXtI/?utm_source=ig_web_copy_link&igsh=MzRlODBiNWFlZA==
114,https://www.instagram.com/reel/DGsQvfWxMt6/?utm_source=ig_web_copy_link&igsh=MzRlODBiNWFlZA==
115,https://www.instagram.com/reel/DNFODaKy1Us/?utm_source=ig_web_copy_link&igsh=MzRlODBiNWFlZA==
116,https://www.instagram.com/reel/DMh3m5rvW3x/?utm_source=ig_web_copy_link&igsh=MzRlODBiNWFlZA==
117,https://www.instagram.com/reel/DMYECWsTFiJ/?utm_source=ig_web_copy_link&igsh=MzRlODBiNWFlZA==
118,https://www.instagram.com/reel/DGKvY7Lz-z6/?utm_source=ig_web_copy_link&igsh=MzRlODBiNWFlZA==
119,https://www.instagram.com/reel/DGVkYrhzf3h/?utm_source=ig_web_copy_link&igsh=MzRlODBiNWFlZA==
120,https://www.instagram.com/reel/DBP8wzKyRg8/?utm_source=ig_web_copy_link&igsh=MzRlODBiNWFlZA==
121,https://www.instagram.com/reel/DM8PAMHPsh4/?utm_source=ig_web_copy_link&igsh=MzRlODBiNWFlZA==
122,https://www.instagram.com/reel/DM7I5rNp3au/?utm_source=ig_web_copy_link&igsh=MzRlODBiNWFlZA==
123,https://www.instagram.com/reel/DM6mD8jyIV6/?utm_source=ig_web_copy_link
124,https://www.instagram.com/reel/DMo9r54zftR/?utm_source=ig_web_copy_link&igsh=MzRlODBiNWFlZA==
125,https://www.instagram.com/reel/DMg4c-eqEyX/?utm_source=ig_web_copy_link&igsh=MzRlODBiNWFlZA==
126,https://www.instagram.com/reel/DB75GW9K-9q/?utm_source=ig_web_copy_link&igsh=MzRlODBiNWFlZA==
127,https://www.instagram.com/reel/DAUxpi3y_7G/?utm_source=ig_web_copy_link&igsh=MzRlODBiNWFlZA==
128,https://www.instagram.com/reel/DMnUS9LS5nx/?utm_source=ig_web_copy_link&igsh=MzRlODBiNWFlZA==
129,https://www.instagram.com/reel/DNH1jh9RtNX/?utm_source=ig_web_copy_link&igsh=MzRlODBiNWFlZA==
130,https://www.instagram.com/reel/DAqlYu_sQgD/?utm_source=ig_web_copy_link&igsh=MzRlODBiNWFlZA==
131,https://drive.google.com/file/d/1atFJ7NdIi85K4Q8xqKtumuqbXh9MI46S/view?usp=drive_link
132,https://drive.google.com/file/d/1GZb1QrS9XT4ZGhxp6fq9qHruexrUgaTX/view?usp=drive_link
133,https://drive.google.com/file/d/1aJVMO-4PF8IbcZEuBcdMDDZXH0HvvQ7Z/view?usp=drive_link
134,https://drive.google.com/file/d/1lbnA57scQfUs1NtxPzdfc8lNxCN7EskH/view?usp=drive_link
135,https://drive.google.com/file/d/1sQ5YuTsgyWV6iUdtxPN3PcYZzI_WmTSd/view?usp=drive_link
136,https://drive.google.com/file/d/1MjA5r9wB619NBT5Or235HhNaVZ7HEMhe/view?usp=drive_link
137,https://drive.google.com/file/d/1_IPDdNJ7xPFvWHy2-px1Pa7Qrj48aIWp/view?usp=drive_link
138,https://www.instagram.com/reel/C9zeHtmSftf/?igsh=ODNoZDlveWRjOGV6
139,https://www.instagram.com/reel/C_reJDqSNno/?igsh=ZDIzc2owNWgxdmJk
140,https://www.instagram.com/reel/DLJoMUxTL2J/?igsh=MTVkNnYwYTRxZmdqNw==
141,https://www.instagram.com/reel/DLuruPeBcAH/?utm_source=ig_web_copy_link&igsh=MXRhMTgyNHViZDRodg==
142,https://www.instagram.com/reel/DLys1UgTaDP/?igsh=MTI0ZDM5Y2t3azg3bA==
143,https://www.instagram.com/reel/DLzratFhGh3/?utm_source=ig_web_copy_link&igsh=amRiOWxoZ2ZtOW5m
144,https://www.instagram.com/reel/DMc1SxqJ_h-/?igsh=N3o3ZGpidDhkOHc2
145,https://www.instagram.com/reel/DNA7KYaThER/?utm_source=ig_web_copy_link&igsh=cXlrYTV2c3doMnVm
146,https://instagram.com/p/DJ_vMG1S3t2/
147,https://www.instagram.com/reel/DIq791DyhWA/?igsh=MWF3eWN0MHR5b2c1MQ==
148,https://www.instagram.com/reel/DHUqgc8y-Vj/?igsh=NGx4dnRndDQ2ang0
149,https://www.instagram.com/reel/DGpzBnQS4HL/?igsh=aTA0ODJiNXdpcG5l
150,https://www.instagram.com/reel/DJWhd5lyqWL/?igsh=MWd6ZjZ0cHF6b2ludg==
151,https://www.instagram.com/reel/DLm4ogqhswJ/?igsh=NjR3dGN3bWN2dGNh
152,https://www.instagram.com/reel/C_iEMTMSYJe/?igsh=MWowMzA2cmdta3RlYw==
153,https://www.instagram.com/reel/DNF_1RPzpcC/?hl=id
154,https://www.instagram.com/reel/DMrXFfxxWpV/?hl=id
155,https://www.instagram.com/reel/DLkHxpXxXz0/?hl=id
156,https://www.instagram.com/reel/DLUdR3BPRcQ/?hl=id
157,https://www.instagram.com/reel/DKMXCa9PjO2/?hl=id
158,https://www.instagram.com/reel/DJ9NPQSvxPw/?hl=id
159,https://www.instagram.com/reel/DJbpoiZRBsL/?hl=id
160,https://www.instagram.com/reel/DJZEyNYRAge/?hl=id
161,https://www.instagram.com/reel/DHC-rVIzFqv/?hl=id
162,https://www.instagram.com/reel/DGf0F9eSmj-/?hl=id
163,"https://instagram.fcgk8-2.fna.fbcdn.net/o1/v/t2/f2/m86/AQMSsB8Yjd1s7CxLMCdlzBE1Q4WAjpQRnTh4M7ifXye8BWbsdiesYfta-05GIhcKQYgAy81VrImkgEGG4AD78GEclnlFJmSI66KS9b8.mp4?_nc_cat=107&_nc_oc=Adk1H0fkcEpY-OaAqAqverPst_n3ZHYs-fCPmr-9sPqhNZwoWEQfIs_eIbDmk-0xdXupjG4rW-zt4rbCzhN5Xccd&_nc_sid=5e9851&_nc_ht=instagram.fcgk8-2.fna.fbcdn.net&_nc_ohc=DhQrNkoGA0MQ7kNvwFdMHl9&efg=eyJ2ZW5jb2RlX3RhZyI6Inhwdl9wcm9ncmVzc2l2ZS5JTlNUQUdSQU0uQ0xJUFMuQzMuNzIwLmRhc2hfYmFzZWxpbmVfMV92MSIsInhwdl9hc3NldF9pZCI6MTI2NTg1NTkwODM3Mjc2MCwidmlfdXNlY2FzZV9pZCI6MTAwOTksImR1cmF0aW9uX3MiOjM4LCJ1cmxnZW5fc291cmNlIjoid3d3In0%3D&ccb=17-1&vs=d52ab3928538ef73&_nc_vs=HBksFQIYUmlnX3hwdl9yZWVsc19wZXJtYW5lbnRfc3JfcHJvZC9GMTRDODdENTVGOTA5MEI3RkVCNUNFRTE3NUQ4NDRCOV92aWRlb19kYXNoaW5pdC5tcDQVAALIARIAFQIYOnBhc3N0aHJvdWdoX2V2ZXJzdG9yZS9HRUtLRFItRWNidjhuYXdFQUY4RGNXbThvS3g3YnFfRUFBQUYVAgLIARIAKAAYABsCiAd1c2Vfb2lsATEScHJvZ3Jlc3NpdmVfcmVjaXBlATEVAAAmsISLvMHSvwQVAigCQzMsF0BDe6XjU_fPGBJkYXNoX2Jhc2VsaW5lXzFfdjERAHX-B2XmnQEA&_nc_zt=28&oh=00_AfXcnvGrMFm7DWk5uPWXeQ6kHmngsnVGYAaFmgb6WYMsdw&oe=689B4DFC, https://instagram.fcgk8-2.fna.fbcdn.net/o1/v/t2/f2/m86/AQMSsB8Yjd1s7CxLMCdlzBE1Q4WAjpQRnTh4M7ifXye8BWbsdiesYfta-05GIhcKQYgAy81VrImkgEGG4AD78GEclnlFJmSI66KS9b8.mp4?_nc_cat=107&_nc_oc=Adk1H0fkcEpY-OaAqAqverPst_n3ZHYs-fCPmr-9sPqhNZwoWEQfIs_eIbDmk-0xdXupjG4rW-zt4rbCzhN5Xccd&_nc_sid=5e9851&_nc_ht=instagram.fcgk8-2.fna.fbcdn.net&_nc_ohc=DhQrNkoGA0MQ7kNvwFdMHl9&efg=eyJ2ZW5jb2RlX3RhZyI6Inhwdl9wcm9ncmVzc2l2ZS5JTlNUQUdSQU0uQ0xJUFMuQzMuNzIwLmRhc2hfYmFzZWxpbmVfMV92MSIsInhwdl9hc3NldF9pZCI6MTI2NTg1NTkwODM3Mjc2MCwidmlfdXNlY2FzZV9pZCI6MTAwOTksImR1cmF0aW9uX3MiOjM4LCJ1cmxnZW5fc291cmNlIjoid3d3In0%3D&ccb=17-1&vs=d52ab3928538ef73&_nc_vs=HBksFQIYUmlnX3hwdl9yZWVsc19wZXJtYW5lbnRfc3JfcHJvZC9GMTRDODdENTVGOTA5MEI3RkVCNUNFRTE3NUQ4NDRCOV92aWRlb19kYXNoaW5pdC5tcDQVAALIARIAFQIYOnBhc3N0aHJvdWdoX2V2ZXJzdG9yZS9HRUtLRFItRWNidjhuYXdFQUY4RGNXbThvS3g3YnFfRUFBQUYVAgLIARIAKAAYABsCiAd1c2Vfb2lsATEScHJvZ3Jlc3NpdmVfcmVjaXBlATEVAAAmsISLvMHSvwQVAigCQzMsF0BDe6XjU_fPGBJkYXNoX2Jhc2VsaW5lXzFfdjERAHX-B2XmnQEA&_nc_zt=28&oh=00_AfXcnvGrMFm7DWk5uPWXeQ6kHmngsnVGYAaFmgb6WYMsdw&oe=689B4DFC, https://instagram.fcgk8-2.fna.fbcdn.net/o1/v/t2/f2/m86/AQMSsB8Yjd1s7CxLMCdlzBE1Q4WAjpQRnTh4M7ifXye8BWbsdiesYfta-05GIhcKQYgAy81VrImkgEGG4AD78GEclnlFJmSI66KS9b8.mp4?_nc_cat=107&_nc_oc=Adk1H0fkcEpY-OaAqAqverPst_n3ZHYs-fCPmr-9sPqhNZwoWEQfIs_eIbDmk-0xdXupjG4rW-zt4rbCzhN5Xccd&_nc_sid=5e9851&_nc_ht=instagram.fcgk8-2.fna.fbcdn.net&_nc_ohc=DhQrNkoGA0MQ7kNvwFdMHl9&efg=eyJ2ZW5jb2RlX3RhZyI6Inhwdl9wcm9ncmVzc2l2ZS5JTlNUQUdSQU0uQ0xJUFMuQzMuNzIwLmRhc2hfYmFzZWxpbmVfMV92MSIsInhwdl9hc3NldF9pZCI6MTI2NTg1NTkwODM3Mjc2MCwidmlfdXNlY2FzZV9pZCI6MTAwOTksImR1cmF0aW9uX3MiOjM4LCJ1cmxnZW5fc291cmNlIjoid3d3In0%3D&ccb=17-1&vs=d52ab3928538ef73&_nc_vs=HBksFQIYUmlnX3hwdl9yZWVsc19wZXJtYW5lbnRfc3JfcHJvZC9GMTRDODdENTVGOTA5MEI3RkVCNUNFRTE3NUQ4NDRCOV92aWRlb19kYXNoaW5pdC5tcDQVAALIARIAFQIYOnBhc3N0aHJvdWdoX2V2ZXJzdG9yZS9HRUtLRFItRWNidjhuYXdFQUY4RGNXbThvS3g3YnFfRUFBQUYVAgLIARIAKAAYABsCiAd1c2Vfb2lsATEScHJvZ3Jlc3NpdmVfcmVjaXBlATEVAAAmsISLvMHSvwQVAigCQzMsF0BDe6XjU_fPGBJkYXNoX2Jhc2VsaW5lXzFfdjERAHX-B2XmnQEA&_nc_zt=28&oh=00_AfXcnvGrMFm7DWk5uPWXeQ6kHmngsnVGYAaFmgb6WYMsdw&oe=689B4DFC"
164,https://www.instagram.com/reel/DM1WsB5hoAA/?igsh=MWFlc2VtZ3FjenQ1aw==
165,"https://instagram.fcgk38-1.fna.fbcdn.net/o1/v/t2/f2/m86/AQOmEkBINMLerU8OSYmJ6Ih1h08vQv_Z-267MnsQxGBMQaUWwj3Ugn1P89oDZfAVNadGZELYVRuk-6icr4f11N5_U1ibtPmGSi0j7R4.mp4?_nc_cat=108&_nc_oc=Admheqc9tYbeC7x7lodLWmXqtg98UFlgaV4GhNNLUcysyRP_A_punAfmrRPaoY8lbxEhUNd-eIAdQGGOeZyJK6zb&_nc_sid=5e9851&_nc_ht=instagram.fcgk38-1.fna.fbcdn.net&_nc_ohc=IW0flqgZ-8cQ7kNvwEeylGL&efg=eyJ2ZW5jb2RlX3RhZyI6Inhwdl9wcm9ncmVzc2l2ZS5JTlNUQUdSQU0uQ0xJUFMuQzMuNzIwLmRhc2hfYmFzZWxpbmVfMV92MSIsInhwdl9hc3NldF9pZCI6MTg4NjgyMTY1ODUyNTgxMSwidmlfdXNlY2FzZV9pZCI6MTAwOTksImR1cmF0aW9uX3MiOjcwLCJ1cmxnZW5fc291cmNlIjoid3d3In0%3D&ccb=17-1&vs=39c00162f1dbb29b&_nc_vs=HBksFQIYUmlnX3hwdl9yZWVsc19wZXJtYW5lbnRfc3JfcHJvZC8xRTQ0QjU3Q0UwQzNGNUZGNzc3MUZGQkEzNjk5NkQ5Ql92aWRlb19kYXNoaW5pdC5tcDQVAALIARIAFQIYOnBhc3N0aHJvdWdoX2V2ZXJzdG9yZS9HSzNiNng0dklCNmNPczhEQUV6MkV2QXk3UHB1YnFfRUFBQUYVAgLIARIAKAAYABsCiAd1c2Vfb2lsATEScHJvZ3Jlc3NpdmVfcmVjaXBlATEVAAAm5oGw67yD2gYVAigCQzMsF0BRt2yLQ5WBGBJkYXNoX2Jhc2VsaW5lXzFfdjERAHX-B2XmnQEA&_nc_zt=28&oh=00_AfVcgs9OAJZJ-jELaFadWZCA-k8N1i0AuVaHmplwN99hzw&oe=689B2D2D, https://instagram.fcgk38-1.fna.fbcdn.net/o1/v/t2/f2/m86/AQOmEkBINMLerU8OSYmJ6Ih1h08vQv_Z-267MnsQxGBMQaUWwj3Ugn1P89oDZfAVNadGZELYVRuk-6icr4f11N5_U1ibtPmGSi0j7R4.mp4?_nc_cat=108&_nc_oc=Admheqc9tYbeC7x7lodLWmXqtg98UFlgaV4GhNNLUcysyRP_A_punAfmrRPaoY8lbxEhUNd-eIAdQGGOeZyJK6zb&_nc_sid=5e9851&_nc_ht=instagram.fcgk38-1.fna.fbcdn.net&_nc_ohc=IW0flqgZ-8cQ7kNvwEeylGL&efg=eyJ2ZW5jb2RlX3RhZyI6Inhwdl9wcm9ncmVzc2l2ZS5JTlNUQUdSQU0uQ0xJUFMuQzMuNzIwLmRhc2hfYmFzZWxpbmVfMV92MSIsInhwdl9hc3NldF9pZCI6MTg4NjgyMTY1ODUyNTgxMSwidmlfdXNlY2FzZV9pZCI6MTAwOTksImR1cmF0aW9uX3MiOjcwLCJ1cmxnZW5fc291cmNlIjoid3d3In0%3D&ccb=17-1&vs=39c00162f1dbb29b&_nc_vs=HBksFQIYUmlnX3hwdl9yZWVsc19wZXJtYW5lbnRfc3JfcHJvZC8xRTQ0QjU3Q0UwQzNGNUZGNzc3MUZGQkEzNjk5NkQ5Ql92aWRlb19kYXNoaW5pdC5tcDQVAALIARIAFQIYOnBhc3N0aHJvdWdoX2V2ZXJzdG9yZS9HSzNiNng0dklCNmNPczhEQUV6MkV2QXk3UHB1YnFfRUFBQUYVAgLIARIAKAAYABsCiAd1c2Vfb2lsATEScHJvZ3Jlc3NpdmVfcmVjaXBlATEVAAAm5oGw67yD2gYVAigCQzMsF0BRt2yLQ5WBGBJkYXNoX2Jhc2VsaW5lXzFfdjERAHX-B2XmnQEA&_nc_zt=28&oh=00_AfVcgs9OAJZJ-jELaFadWZCA-k8N1i0AuVaHmplwN99hzw&oe=689B2D2D, https://instagram.fcgk38-1.fna.fbcdn.net/o1/v/t2/f2/m86/AQOmEkBINMLerU8OSYmJ6Ih1h08vQv_Z-267MnsQxGBMQaUWwj3Ugn1P89oDZfAVNadGZELYVRuk-6icr4f11N5_U1ibtPmGSi0j7R4.mp4?_nc_cat=108&_nc_oc=Admheqc9tYbeC7x7lodLWmXqtg98UFlgaV4GhNNLUcysyRP_A_punAfmrRPaoY8lbxEhUNd-eIAdQGGOeZyJK6zb&_nc_sid=5e9851&_nc_ht=instagram.fcgk38-1.fna.fbcdn.net&_nc_ohc=IW0flqgZ-8cQ7kNvwEeylGL&efg=eyJ2ZW5jb2RlX3RhZyI6Inhwdl9wcm9ncmVzc2l2ZS5JTlNUQUdSQU0uQ0xJUFMuQzMuNzIwLmRhc2hfYmFzZWxpbmVfMV92MSIsInhwdl9hc3NldF9pZCI6MTg4NjgyMTY1ODUyNTgxMSwidmlfdXNlY2FzZV9pZCI6MTAwOTksImR1cmF0aW9uX3MiOjcwLCJ1cmxnZW5fc291cmNlIjoid3d3In0%3D&ccb=17-1&vs=39c00162f1dbb29b&_nc_vs=HBksFQIYUmlnX3hwdl9yZWVsc19wZXJtYW5lbnRfc3JfcHJvZC8xRTQ0QjU3Q0UwQzNGNUZGNzc3MUZGQkEzNjk5NkQ5Ql92aWRlb19kYXNoaW5pdC5tcDQVAALIARIAFQIYOnBhc3N0aHJvdWdoX2V2ZXJzdG9yZS9HSzNiNng0dklCNmNPczhEQUV6MkV2QXk3UHB1YnFfRUFBQUYVAgLIARIAKAAYABsCiAd1c2Vfb2lsATEScHJvZ3Jlc3NpdmVfcmVjaXBlATEVAAAm5oGw67yD2gYVAigCQzMsF0BRt2yLQ5WBGBJkYXNoX2Jhc2VsaW5lXzFfdjERAHX-B2XmnQEA&_nc_zt=28&oh=00_AfVcgs9OAJZJ-jELaFadWZCA-k8N1i0AuVaHmplwN99hzw&oe=689B2D2D"
166,https://www.instagram.com/reel/DM0ChALScuv/?igsh=MWphajVsYzFvMWcydg==
167,https://www.instagram.com/reel/DIyUyveT0SA/?igsh=ZTEyaGRjc2dpZzhi
168,https://www.instagram.com/reel/DNIfBeBzlo_/?igsh=YTg3cW1zY3Eyd3dy
169,"https://instagram.fcgk8-1.fna.fbcdn.net/o1/v/t2/f2/m86/AQP6HDfQjZz7SRs_2z2nBaaSuHiQN9ydTUzRawsVrJbVek-MLSE2zEIJEcaws0RUC0VVxoz9I4VKdaBRo0x9wmNwQPGy9iNApUZgF2Q.mp4?_nc_cat=111&_nc_oc=AdmTtm8eZR1PXSXclXxw9G6N5Rb9Q3BempUwIOcLhivS7mqd2wUWvHdHQUzSD_T55O_RyioFtNaPFI5a37YU5hgp&_nc_sid=5e9851&_nc_ht=instagram.fcgk8-1.fna.fbcdn.net&_nc_ohc=Fq6NAX_hfyMQ7kNvwFhNhAg&efg=eyJ2ZW5jb2RlX3RhZyI6Inhwdl9wcm9ncmVzc2l2ZS5JTlNUQUdSQU0uQ0xJUFMuQzMuMTI3OC5kYXNoX2Jhc2VsaW5lXzFfdjEiLCJ4cHZfYXNzZXRfaWQiOjI3ODE5NDg4ODUzMDg4NjQsInZpX3VzZWNhc2VfaWQiOjEwMDk5LCJkdXJhdGlvbl9zIjoxMDUsInVybGdlbl9zb3VyY2UiOiJ3d3cifQ%3D%3D&ccb=17-1&vs=9b8e2f376d2dcee1&_nc_vs=HBksFQIYUmlnX3hwdl9yZWVsc19wZXJtYW5lbnRfc3JfcHJvZC9ENjQwNUUzNDg3NUEzMkNBQjNBNEQ2RTk5ODVDMTk5OV92aWRlb19kYXNoaW5pdC5tcDQVAALIARIAFQIYOnBhc3N0aHJvdWdoX2V2ZXJzdG9yZS9HUEhqWFI5Nm1rbXNfc1lIQU1MTTNybXZSZlVJYnFfRUFBQUYVAgLIARIAKAAYABsCiAd1c2Vfb2lsATEScHJvZ3Jlc3NpdmVfcmVjaXBlATEVAAAmgNe8sd6K8QkVAigCQzMsF0BaeZmZmZmaGBJkYXNoX2Jhc2VsaW5lXzFfdjERAHX-B2XmnQEA&_nc_gid=yKFMa1EztZvjZ3uABwn3HA&_nc_zt=28&oh=00_AfVmwLS0dRYhn882VChf5KBvv3NKost8EiVBPGcll8dBwg&oe=689B57D8, https://instagram.fcgk8-1.fna.fbcdn.net/o1/v/t2/f2/m86/AQP6HDfQjZz7SRs_2z2nBaaSuHiQN9ydTUzRawsVrJbVek-MLSE2zEIJEcaws0RUC0VVxoz9I4VKdaBRo0x9wmNwQPGy9iNApUZgF2Q.mp4?_nc_cat=111&_nc_oc=AdmTtm8eZR1PXSXclXxw9G6N5Rb9Q3BempUwIOcLhivS7mqd2wUWvHdHQUzSD_T55O_RyioFtNaPFI5a37YU5hgp&_nc_sid=5e9851&_nc_ht=instagram.fcgk8-1.fna.fbcdn.net&_nc_ohc=Fq6NAX_hfyMQ7kNvwFhNhAg&efg=eyJ2ZW5jb2RlX3RhZyI6Inhwdl9wcm9ncmVzc2l2ZS5JTlNUQUdSQU0uQ0xJUFMuQzMuMTI3OC5kYXNoX2Jhc2VsaW5lXzFfdjEiLCJ4cHZfYXNzZXRfaWQiOjI3ODE5NDg4ODUzMDg4NjQsInZpX3VzZWNhc2VfaWQiOjEwMDk5LCJkdXJhdGlvbl9zIjoxMDUsInVybGdlbl9zb3VyY2UiOiJ3d3cifQ%3D%3D&ccb=17-1&vs=9b8e2f376d2dcee1&_nc_vs=HBksFQIYUmlnX3hwdl9yZWVsc19wZXJtYW5lbnRfc3JfcHJvZC9ENjQwNUUzNDg3NUEzMkNBQjNBNEQ2RTk5ODVDMTk5OV92aWRlb19kYXNoaW5pdC5tcDQVAALIARIAFQIYOnBhc3N0aHJvdWdoX2V2ZXJzdG9yZS9HUEhqWFI5Nm1rbXNfc1lIQU1MTTNybXZSZlVJYnFfRUFBQUYVAgLIARIAKAAYABsCiAd1c2Vfb2lsATEScHJvZ3Jlc3NpdmVfcmVjaXBlATEVAAAmgNe8sd6K8QkVAigCQzMsF0BaeZmZmZmaGBJkYXNoX2Jhc2VsaW5lXzFfdjERAHX-B2XmnQEA&_nc_gid=yKFMa1EztZvjZ3uABwn3HA&_nc_zt=28&oh=00_AfVmwLS0dRYhn882VChf5KBvv3NKost8EiVBPGcll8dBwg&oe=689B57D8, https://instagram.fcgk8-1.fna.fbcdn.net/o1/v/t2/f2/m86/AQP6HDfQjZz7SRs_2z2nBaaSuHiQN9ydTUzRawsVrJbVek-MLSE2zEIJEcaws0RUC0VVxoz9I4VKdaBRo0x9wmNwQPGy9iNApUZgF2Q.mp4?_nc_cat=111&_nc_oc=AdmTtm8eZR1PXSXclXxw9G6N5Rb9Q3BempUwIOcLhivS7mqd2wUWvHdHQUzSD_T55O_RyioFtNaPFI5a37YU5hgp&_nc_sid=5e9851&_nc_ht=instagram.fcgk8-1.fna.fbcdn.net&_nc_ohc=Fq6NAX_hfyMQ7kNvwFhNhAg&efg=eyJ2ZW5jb2RlX3RhZyI6Inhwdl9wcm9ncmVzc2l2ZS5JTlNUQUdSQU0uQ0xJUFMuQzMuMTI3OC5kYXNoX2Jhc2VsaW5lXzFfdjEiLCJ4cHZfYXNzZXRfaWQiOjI3ODE5NDg4ODUzMDg4NjQsInZpX3VzZWNhc2VfaWQiOjEwMDk5LCJkdXJhdGlvbl9zIjoxMDUsInVybGdlbl9zb3VyY2UiOiJ3d3cifQ%3D%3D&ccb=17-1&vs=9b8e2f376d2dcee1&_nc_vs=HBksFQIYUmlnX3hwdl9yZWVsc19wZXJtYW5lbnRfc3JfcHJvZC9ENjQwNUUzNDg3NUEzMkNBQjNBNEQ2RTk5ODVDMTk5OV92aWRlb19kYXNoaW5pdC5tcDQVAALIARIAFQIYOnBhc3N0aHJvdWdoX2V2ZXJzdG9yZS9HUEhqWFI5Nm1rbXNfc1lIQU1MTTNybXZSZlVJYnFfRUFBQUYVAgLIARIAKAAYABsCiAd1c2Vfb2lsATEScHJvZ3Jlc3NpdmVfcmVjaXBlATEVAAAmgNe8sd6K8QkVAigCQzMsF0BaeZmZmZmaGBJkYXNoX2Jhc2VsaW5lXzFfdjERAHX-B2XmnQEA&_nc_gid=yKFMa1EztZvjZ3uABwn3HA&_nc_zt=28&oh=00_AfVmwLS0dRYhn882VChf5KBvv3NKost8EiVBPGcll8dBwg&oe=689B57D8"
170,"https://instagram.fcgk38-1.fna.fbcdn.net/o1/v/t2/f2/m86/AQN_zYx0y2arbT_hsqxzaVahpPYwzIiu2fb8Mn3wxx7e5ap5_iwRJwBdtPzy5CDXxDqslabGCXsv8lnHOMaFORBSKBO3drsnlfvi4mY.mp4?_nc_cat=103&_nc_oc=Adn07imuhlnEp9PT4pLBDcR79M6E-ake0kCHNoCDmUHxbkfTgxF9oH_X--cLaOxain4QpV6l6QuuBJ1EvoIuYgS8&_nc_sid=5e9851&_nc_ht=instagram.fcgk38-1.fna.fbcdn.net&_nc_ohc=3Buz1nY5I7AQ7kNvwF79gw-&efg=eyJ2ZW5jb2RlX3RhZyI6Inhwdl9wcm9ncmVzc2l2ZS5JTlNUQUdSQU0uQ0xJUFMuQzMuNzIwLmRhc2hfYmFzZWxpbmVfMV92MSIsInhwdl9hc3NldF9pZCI6MTk1ODQ0NDE2MTU3ODU1NCwidmlfdXNlY2FzZV9pZCI6MTAwOTksImR1cmF0aW9uX3MiOjM5LCJ1cmxnZW5fc291cmNlIjoid3d3In0%3D&ccb=17-1&vs=d67b066dcecfa0db&_nc_vs=HBksFQIYUmlnX3hwdl9yZWVsc19wZXJtYW5lbnRfc3JfcHJvZC8wNzQ4Nzc2QjEwODc5MEVEQTZFMjdCNkRFNjdGNzY5RV92aWRlb19kYXNoaW5pdC5tcDQVAALIARIAFQIYOnBhc3N0aHJvdWdoX2V2ZXJzdG9yZS9HTEx0OVI0UGlXQmdZT01FQVBWSEVROGhoNjViYnFfRUFBQUYVAgLIARIAKAAYABsCiAd1c2Vfb2lsATEScHJvZ3Jlc3NpdmVfcmVjaXBlATEVAAAm9NiBibrM-gYVAigCQzMsF0BDrtkWhysCGBJkYXNoX2Jhc2VsaW5lXzFfdjERAHX-B2XmnQEA&_nc_gid=Pp0OH6qhovJrRCwYgrIvEA&_nc_zt=28&oh=00_AfV6zOtn6qcTTWuGCxDNut2rrK7IdnUEBkIwn8wMMSFvbA&oe=689B4570, https://instagram.fcgk38-1.fna.fbcdn.net/o1/v/t2/f2/m86/AQN_zYx0y2arbT_hsqxzaVahpPYwzIiu2fb8Mn3wxx7e5ap5_iwRJwBdtPzy5CDXxDqslabGCXsv8lnHOMaFORBSKBO3drsnlfvi4mY.mp4?_nc_cat=103&_nc_oc=Adn07imuhlnEp9PT4pLBDcR79M6E-ake0kCHNoCDmUHxbkfTgxF9oH_X--cLaOxain4QpV6l6QuuBJ1EvoIuYgS8&_nc_sid=5e9851&_nc_ht=instagram.fcgk38-1.fna.fbcdn.net&_nc_ohc=3Buz1nY5I7AQ7kNvwF79gw-&efg=eyJ2ZW5jb2RlX3RhZyI6Inhwdl9wcm9ncmVzc2l2ZS5JTlNUQUdSQU0uQ0xJUFMuQzMuNzIwLmRhc2hfYmFzZWxpbmVfMV92MSIsInhwdl9hc3NldF9pZCI6MTk1ODQ0NDE2MTU3ODU1NCwidmlfdXNlY2FzZV9pZCI6MTAwOTksImR1cmF0aW9uX3MiOjM5LCJ1cmxnZW5fc291cmNlIjoid3d3In0%3D&ccb=17-1&vs=d67b066dcecfa0db&_nc_vs=HBksFQIYUmlnX3hwdl9yZWVsc19wZXJtYW5lbnRfc3JfcHJvZC8wNzQ4Nzc2QjEwODc5MEVEQTZFMjdCNkRFNjdGNzY5RV92aWRlb19kYXNoaW5pdC5tcDQVAALIARIAFQIYOnBhc3N0aHJvdWdoX2V2ZXJzdG9yZS9HTEx0OVI0UGlXQmdZT01FQVBWSEVROGhoNjViYnFfRUFBQUYVAgLIARIAKAAYABsCiAd1c2Vfb2lsATEScHJvZ3Jlc3NpdmVfcmVjaXBlATEVAAAm9NiBibrM-gYVAigCQzMsF0BDrtkWhysCGBJkYXNoX2Jhc2VsaW5lXzFfdjERAHX-B2XmnQEA&_nc_gid=Pp0OH6qhovJrRCwYgrIvEA&_nc_zt=28&oh=00_AfV6zOtn6qcTTWuGCxDNut2rrK7IdnUEBkIwn8wMMSFvbA&oe=689B4570, https://instagram.fcgk38-1.fna.fbcdn.net/o1/v/t2/f2/m86/AQN_zYx0y2arbT_hsqxzaVahpPYwzIiu2fb8Mn3wxx7e5ap5_iwRJwBdtPzy5CDXxDqslabGCXsv8lnHOMaFORBSKBO3drsnlfvi4mY.mp4?_nc_cat=103&_nc_oc=Adn07imuhlnEp9PT4pLBDcR79M6E-ake0kCHNoCDmUHxbkfTgxF9oH_X--cLaOxain4QpV6l6QuuBJ1EvoIuYgS8&_nc_sid=5e9851&_nc_ht=instagram.fcgk38-1.fna.fbcdn.net&_nc_ohc=3Buz1nY5I7AQ7kNvwF79gw-&efg=eyJ2ZW5jb2RlX3RhZyI6Inhwdl9wcm9ncmVzc2l2ZS5JTlNUQUdSQU0uQ0xJUFMuQzMuNzIwLmRhc2hfYmFzZWxpbmVfMV92MSIsInhwdl9hc3NldF9pZCI6MTk1ODQ0NDE2MTU3ODU1NCwidmlfdXNlY2FzZV9pZCI6MTAwOTksImR1cmF0aW9uX3MiOjM5LCJ1cmxnZW5fc291cmNlIjoid3d3In0%3D&ccb=17-1&vs=d67b066dcecfa0db&_nc_vs=HBksFQIYUmlnX3hwdl9yZWVsc19wZXJtYW5lbnRfc3JfcHJvZC8wNzQ4Nzc2QjEwODc5MEVEQTZFMjdCNkRFNjdGNzY5RV92aWRlb19kYXNoaW5pdC5tcDQVAALIARIAFQIYOnBhc3N0aHJvdWdoX2V2ZXJzdG9yZS9HTEx0OVI0UGlXQmdZT01FQVBWSEVROGhoNjViYnFfRUFBQUYVAgLIARIAKAAYABsCiAd1c2Vfb2lsATEScHJvZ3Jlc3NpdmVfcmVjaXBlATEVAAAm9NiBibrM-gYVAigCQzMsF0BDrtkWhysCGBJkYXNoX2Jhc2VsaW5lXzFfdjERAHX-B2XmnQEA&_nc_gid=Pp0OH6qhovJrRCwYgrIvEA&_nc_zt=28&oh=00_AfV6zOtn6qcTTWuGCxDNut2rrK7IdnUEBkIwn8wMMSFvbA&oe=689B4570"
171,"https://scontent-cgk2-2.cdninstagram.com/o1/v/t2/f2/m86/AQNrncuAML1bATywJCW80-_43gc836HJQvpOEoqo4UmaQPix9DJ9ePRxesamoE85vKW2l7e2MWQkx3qXnPevLmpv3XMKMeQ0Rd5VoIM.mp4?_nc_cat=105&_nc_sid=5e9851&_nc_ht=scontent-cgk2-2.cdninstagram.com&_nc_ohc=wTNdvF_Q89cQ7kNvwFX7W3_&efg=eyJ2ZW5jb2RlX3RhZyI6Inhwdl9wcm9ncmVzc2l2ZS5JTlNUQUdSQU0uQ0xJUFMuQzMuNzIwLmRhc2hfYmFzZWxpbmVfMV92MSIsInhwdl9hc3NldF9pZCI6NDI3MTMwMjMyMzEwNjAxMiwidmlfdXNlY2FzZV9pZCI6MTAwOTksImR1cmF0aW9uX3MiOjgzLCJ1cmxnZW5fc291cmNlIjoid3d3In0%3D&ccb=17-1&vs=7bc8ec3e30b857f9&_nc_vs=HBksFQIYUmlnX3hwdl9yZWVsc19wZXJtYW5lbnRfc3JfcHJvZC8wNDQ5NzE2REVFQzI1MDAyMDQ3NDI4MEVCOEE5NTlBMF92aWRlb19kYXNoaW5pdC5tcDQVAALIARIAFQIYOnBhc3N0aHJvdWdoX2V2ZXJzdG9yZS9HSWhDVng5bTRUMHowWmdFQUh2LVdfZXJPX3dvYnFfRUFBQUYVAgLIARIAKAAYABsCiAd1c2Vfb2lsATEScHJvZ3Jlc3NpdmVfcmVjaXBlATEVAAAmuMOTm8Kulg8VAigCQzMsF0BU7MzMzMzNGBJkYXNoX2Jhc2VsaW5lXzFfdjERAHX-B2XmnQEA&_nc_zt=28&oh=00_AfUGDWJAug1PMMrJGXkInj3GKG6xkyjyepRTqhiaqY2hpA&oe=689B7082, https://scontent-cgk2-2.cdninstagram.com/o1/v/t2/f2/m86/AQNrncuAML1bATywJCW80-_43gc836HJQvpOEoqo4UmaQPix9DJ9ePRxesamoE85vKW2l7e2MWQkx3qXnPevLmpv3XMKMeQ0Rd5VoIM.mp4?_nc_cat=105&_nc_sid=5e9851&_nc_ht=scontent-cgk2-2.cdninstagram.com&_nc_ohc=wTNdvF_Q89cQ7kNvwFX7W3_&efg=eyJ2ZW5jb2RlX3RhZyI6Inhwdl9wcm9ncmVzc2l2ZS5JTlNUQUdSQU0uQ0xJUFMuQzMuNzIwLmRhc2hfYmFzZWxpbmVfMV92MSIsInhwdl9hc3NldF9pZCI6NDI3MTMwMjMyMzEwNjAxMiwidmlfdXNlY2FzZV9pZCI6MTAwOTksImR1cmF0aW9uX3MiOjgzLCJ1cmxnZW5fc291cmNlIjoid3d3In0%3D&ccb=17-1&vs=7bc8ec3e30b857f9&_nc_vs=HBksFQIYUmlnX3hwdl9yZWVsc19wZXJtYW5lbnRfc3JfcHJvZC8wNDQ5NzE2REVFQzI1MDAyMDQ3NDI4MEVCOEE5NTlBMF92aWRlb19kYXNoaW5pdC5tcDQVAALIARIAFQIYOnBhc3N0aHJvdWdoX2V2ZXJzdG9yZS9HSWhDVng5bTRUMHowWmdFQUh2LVdfZXJPX3dvYnFfRUFBQUYVAgLIARIAKAAYABsCiAd1c2Vfb2lsATEScHJvZ3Jlc3NpdmVfcmVjaXBlATEVAAAmuMOTm8Kulg8VAigCQzMsF0BU7MzMzMzNGBJkYXNoX2Jhc2VsaW5lXzFfdjERAHX-B2XmnQEA&_nc_zt=28&oh=00_AfUGDWJAug1PMMrJGXkInj3GKG6xkyjyepRTqhiaqY2hpA&oe=689B7082, https://scontent-cgk2-2.cdninstagram.com/o1/v/t2/f2/m86/AQNrncuAML1bATywJCW80-_43gc836HJQvpOEoqo4UmaQPix9DJ9ePRxesamoE85vKW2l7e2MWQkx3qXnPevLmpv3XMKMeQ0Rd5VoIM.mp4?_nc_cat=105&_nc_sid=5e9851&_nc_ht=scontent-cgk2-2.cdninstagram.com&_nc_ohc=wTNdvF_Q89cQ7kNvwFX7W3_&efg=eyJ2ZW5jb2RlX3RhZyI6Inhwdl9wcm9ncmVzc2l2ZS5JTlNUQUdSQU0uQ0xJUFMuQzMuNzIwLmRhc2hfYmFzZWxpbmVfMV92MSIsInhwdl9hc3NldF9pZCI6NDI3MTMwMjMyMzEwNjAxMiwidmlfdXNlY2FzZV9pZCI6MTAwOTksImR1cmF0aW9uX3MiOjgzLCJ1cmxnZW5fc291cmNlIjoid3d3In0%3D&ccb=17-1&vs=7bc8ec3e30b857f9&_nc_vs=HBksFQIYUmlnX3hwdl9yZWVsc19wZXJtYW5lbnRfc3JfcHJvZC8wNDQ5NzE2REVFQzI1MDAyMDQ3NDI4MEVCOEE5NTlBMF92aWRlb19kYXNoaW5pdC5tcDQVAALIARIAFQIYOnBhc3N0aHJvdWdoX2V2ZXJzdG9yZS9HSWhDVng5bTRUMHowWmdFQUh2LVdfZXJPX3dvYnFfRUFBQUYVAgLIARIAKAAYABsCiAd1c2Vfb2lsATEScHJvZ3Jlc3NpdmVfcmVjaXBlATEVAAAmuMOTm8Kulg8VAigCQzMsF0BU7MzMzMzNGBJkYXNoX2Jhc2VsaW5lXzFfdjERAHX-B2XmnQEA&_nc_zt=28&oh=00_AfUGDWJAug1PMMrJGXkInj3GKG6xkyjyepRTqhiaqY2hpA&oe=689B7082"
172,"https://scontent-cgk1-2.cdninstagram.com/o1/v/t2/f2/m86/AQPgqptglHB1Bj0s2Z6p5TLy4snDQMA30S_zn6SQDRcmnhz9BpcXFKrkQ3rnlnjl641jEl07Fi6Nzir0uuzT_ihH7Fg2pxiPx5pTacI.mp4?_nc_cat=111&_nc_sid=5e9851&_nc_ht=scontent-cgk1-2.cdninstagram.com&_nc_ohc=DWcNE94vkYEQ7kNvwEQgqwG&efg=eyJ2ZW5jb2RlX3RhZyI6Inhwdl9wcm9ncmVzc2l2ZS5JTlNUQUdSQU0uQ0xJUFMuQzMuNzIwLmRhc2hfYmFzZWxpbmVfMV92MSIsInhwdl9hc3NldF9pZCI6NzcwMzg0NTMyMjM1OTkxLCJ2aV91c2VjYXNlX2lkIjoxMDA5OSwiZHVyYXRpb25fcyI6NTQsInVybGdlbl9zb3VyY2UiOiJ3d3cifQ%3D%3D&ccb=17-1&vs=31d4ef72734f7e23&_nc_vs=HBksFQIYUmlnX3hwdl9yZWVsc19wZXJtYW5lbnRfc3JfcHJvZC9GQjRCNkM4MTM1N0IzQzBBNjkxOUFCRDY0MDY5MkZBNl92aWRlb19kYXNoaW5pdC5tcDQVAALIARIAFQIYOnBhc3N0aHJvdWdoX2V2ZXJzdG9yZS9HTDY3alJfTE9OTzRTVVVGQUttOGFBZlBYLXd2YnFfRUFBQUYVAgLIARIAKAAYABsCiAd1c2Vfb2lsATEScHJvZ3Jlc3NpdmVfcmVjaXBlATEVAAAmrpuThqSq3gIVAigCQzMsF0BLTMzMzMzNGBJkYXNoX2Jhc2VsaW5lXzFfdjERAHX-B2XmnQEA&_nc_gid=yIY0ergPnOKuwJYHshc1MQ&_nc_zt=28&oh=00_AfXja2nBgEvFtnLOsrZoBo_5nCV7vfn2i9JvqAVRHs5FgA&oe=689B7DC8, https://scontent-cgk1-2.cdninstagram.com/o1/v/t2/f2/m86/AQPgqptglHB1Bj0s2Z6p5TLy4snDQMA30S_zn6SQDRcmnhz9BpcXFKrkQ3rnlnjl641jEl07Fi6Nzir0uuzT_ihH7Fg2pxiPx5pTacI.mp4?_nc_cat=111&_nc_sid=5e9851&_nc_ht=scontent-cgk1-2.cdninstagram.com&_nc_ohc=DWcNE94vkYEQ7kNvwEQgqwG&efg=eyJ2ZW5jb2RlX3RhZyI6Inhwdl9wcm9ncmVzc2l2ZS5JTlNUQUdSQU0uQ0xJUFMuQzMuNzIwLmRhc2hfYmFzZWxpbmVfMV92MSIsInhwdl9hc3NldF9pZCI6NzcwMzg0NTMyMjM1OTkxLCJ2aV91c2VjYXNlX2lkIjoxMDA5OSwiZHVyYXRpb25fcyI6NTQsInVybGdlbl9zb3VyY2UiOiJ3d3cifQ%3D%3D&ccb=17-1&vs=31d4ef72734f7e23&_nc_vs=HBksFQIYUmlnX3hwdl9yZWVsc19wZXJtYW5lbnRfc3JfcHJvZC9GQjRCNkM4MTM1N0IzQzBBNjkxOUFCRDY0MDY5MkZBNl92aWRlb19kYXNoaW5pdC5tcDQVAALIARIAFQIYOnBhc3N0aHJvdWdoX2V2ZXJzdG9yZS9HTDY3alJfTE9OTzRTVVVGQUttOGFBZlBYLXd2YnFfRUFBQUYVAgLIARIAKAAYABsCiAd1c2Vfb2lsATEScHJvZ3Jlc3NpdmVfcmVjaXBlATEVAAAmrpuThqSq3gIVAigCQzMsF0BLTMzMzMzNGBJkYXNoX2Jhc2VsaW5lXzFfdjERAHX-B2XmnQEA&_nc_gid=yIY0ergPnOKuwJYHshc1MQ&_nc_zt=28&oh=00_AfXja2nBgEvFtnLOsrZoBo_5nCV7vfn2i9JvqAVRHs5FgA&oe=689B7DC8, https://scontent-cgk1-2.cdninstagram.com/o1/v/t2/f2/m86/AQPgqptglHB1Bj0s2Z6p5TLy4snDQMA30S_zn6SQDRcmnhz9BpcXFKrkQ3rnlnjl641jEl07Fi6Nzir0uuzT_ihH7Fg2pxiPx5pTacI.mp4?_nc_cat=111&_nc_sid=5e9851&_nc_ht=scontent-cgk1-2.cdninstagram.com&_nc_ohc=DWcNE94vkYEQ7kNvwEQgqwG&efg=eyJ2ZW5jb2RlX3RhZyI6Inhwdl9wcm9ncmVzc2l2ZS5JTlNUQUdSQU0uQ0xJUFMuQzMuNzIwLmRhc2hfYmFzZWxpbmVfMV92MSIsInhwdl9hc3NldF9pZCI6NzcwMzg0NTMyMjM1OTkxLCJ2aV91c2VjYXNlX2lkIjoxMDA5OSwiZHVyYXRpb25fcyI6NTQsInVybGdlbl9zb3VyY2UiOiJ3d3cifQ%3D%3D&ccb=17-1&vs=31d4ef72734f7e23&_nc_vs=HBksFQIYUmlnX3hwdl9yZWVsc19wZXJtYW5lbnRfc3JfcHJvZC9GQjRCNkM4MTM1N0IzQzBBNjkxOUFCRDY0MDY5MkZBNl92aWRlb19kYXNoaW5pdC5tcDQVAALIARIAFQIYOnBhc3N0aHJvdWdoX2V2ZXJzdG9yZS9HTDY3alJfTE9OTzRTVVVGQUttOGFBZlBYLXd2YnFfRUFBQUYVAgLIARIAKAAYABsCiAd1c2Vfb2lsATEScHJvZ3Jlc3NpdmVfcmVjaXBlATEVAAAmrpuThqSq3gIVAigCQzMsF0BLTMzMzMzNGBJkYXNoX2Jhc2VsaW5lXzFfdjERAHX-B2XmnQEA&_nc_gid=yIY0ergPnOKuwJYHshc1MQ&_nc_zt=28&oh=00_AfXja2nBgEvFtnLOsrZoBo_5nCV7vfn2i9JvqAVRHs5FgA&oe=689B7DC8"
173,https://www.instagram.com/reel/DMWy5PEy4xZ/?utm_source=ig_web_copy_link&igsh=MzRlODBiNWFlZA==
174,https://www.instagram.com/reel/DLL9bDXJTB_/?utm_source=ig_web_copy_link&igsh=MzRlODBiNWFlZA==
175,https://www.instagram.com/reel/DKOlWzzyNtF/?utm_source=ig_web_copy_link&igsh=MzRlODBiNWFlZA==
176,https://www.instagram.com/reel/DF_rs9LByYo/?utm_source=ig_web_copy_link&igsh=MzRlODBiNWFlZA==
177,https://www.instagram.com/reel/DNF9aDySWYe/?utm_source=ig_web_copy_link&igsh=MzRlODBiNWFlZA==
178,https://www.instagram.com/reel/DMlzuuJBCqm/?utm_source=ig_web_copy_link&igsh=MzRlODBiNWFlZA==
179,https://www.instagram.com/reel/DKOArYwti9c/?utm_source=ig_web_copy_link&igsh=MzRlODBiNWFlZA==
180,https://www.instagram.com/reel/DGPWEjaTtAS/?utm_source=ig_web_copy_link
181,https://www.instagram.com/reel/DM-UeIaPURj/?utm_source=ig_web_copy_link&igsh=MzRlODBiNWFlZA==
182,https://www.instagram.com/reel/DM99ottvLix/?utm_source=ig_web_copy_link&igsh=MzRlODBiNWFlZA==
183,https://www.instagram.com/reel/DMzERt8T3YK/?utm_source=ig_web_copy_link
184,https://drive.google.com/file/d/1mLN0aGbjgAFOkC4hQXo_vR20cHVlP05A/view?usp=drive_link
185,https://drive.google.com/file/d/1hqV23imz-CZ1PvjD5D6VBYAfKMcnQsl6/view?usp=drive_link
186,https://drive.google.com/file/d/1lWWp2V4PPrrCe5oqFnES74tQraNiNl2I/view?usp=drive_link
187,https://drive.google.com/file/d/1xdNwtzW3NkRnczPZMlvWKNiXK0AVOb8q/view?usp=drive_link
188,https://drive.google.com/file/d/1Szy2uHW3fbw_8cXU9dd3gVhnMMyKQwbE/view?usp=drive_link
189,https://drive.google.com/file/d/1UoIpEESJpYhl6ktsFX0l1Q_lGS2JQE4a/view?usp=drive_link
190,https://drive.google.com/file/d/1NIWRtQwRup1CXoykRSIJBBAvrMr-Ochv/view?usp=drive_link
191,https://drive.google.com/file/d/1DSfKv-iiVhftQ6Cz3v_qu7pop9WfQvWO/view?usp=drive_link
192,https://www.instagram.com/reel/DCYxVATvxDu/?igsh=bTI4cHhqajE5ZWE5
193,https://www.instagram.com/reel/DCrH5IdzQCj/?igsh=aHAwbmN2amJqeXpy
194,https://www.instagram.com/reel/DMzjk18xmcY/?utm_source=ig_web_copy_link
195,https://www.instagram.com/reel/DM-JaK4yddh/?utm_source=ig_web_copy_link
196,https://www.instagram.com/reel/DMUQW-dy0Nm/?utm_source=ig_web_copy_link&igsh=MzRlODBiNWFlZA==
197,https://www.instagram.com/reel/DL4bTmcS4r8/?utm_source=ig_web_copy_link&igsh=MzRlODBiNWFlZA==
198,https://www.instagram.com/reel/C40lvFkSMlc/?utm_source=ig_web_copy_link&igsh=MzRlODBiNWFlZA==
199,https://www.instagram.com/reel/C16YyX3pXsB/?utm_source=ig_web_copy_link&igsh=MzRlODBiNWFlZA==
200,https://www.instagram.com/reel/DAp9h5-tsxa/?igsh=MTk0MDNuNzZxcXBwZQ==
